Timestamp,TH1,TH2,TH3,TH4
2023-12-19 22:14:17.331,101.6,101.6,101.6,26.5
2023-12-19 22:14:17.445,101.6,101.6,101.6,26.5
2023-12-19 22:14:17.558,101.6,101.6,101.6,26.6
2023-12-19 22:14:17.666,101.6,101.6,101.6,26.5
2023-12-19 22:14:17.775,101.6,101.6,101.6,26.5
2023-12-19 22:14:17.883,101.6,101.6,101.6,26.5
2023-12-19 22:14:17.990,101.6,101.6,101.6,26.5
2023-12-19 22:14:18.099,101.6,101.6,101.6,26.5
2023-12-19 22:14:18.208,101.6,101.6,101.6,26.5
2023-12-19 22:14:18.316,101.6,101.6,101.6,26.5
2023-12-19 22:14:18.428,101.6,101.6,101.6,26.5
2023-12-19 22:14:18.536,101.6,101.6,101.6,26.5
2023-12-19 22:14:18.644,101.6,101.6,101.6,26.5
2023-12-19 22:14:18.754,101.6,101.6,101.6,26.6
2023-12-19 22:14:18.867,101.6,101.6,101.6,26.5
2023-12-19 22:14:18.977,101.6,101.6,101.6,26.5
2023-12-19 22:14:19.083,101.6,101.6,101.6,26.5
2023-12-19 22:14:19.191,101.6,101.6,101.6,26.5
2023-12-19 22:14:19.300,101.6,101.6,101.6,26.5
2023-12-19 22:14:19.410,101.6,101.6,101.6,26.5
2023-12-19 22:14:19.518,101.6,101.6,101.6,26.5
2023-12-19 22:14:19.627,101.6,101.6,101.6,26.5
2023-12-19 22:14:19.737,101.6,101.6,101.6,26.5
2023-12-19 22:14:19.846,101.6,101.6,101.6,26.5
2023-12-19 22:14:19.956,101.6,101.6,101.6,26.5
2023-12-19 22:14:20.065,101.6,101.6,101.6,26.5
2023-12-19 22:14:20.176,101.6,101.6,101.6,26.5
2023-12-19 22:14:20.285,101.6,101.6,101.6,26.5
2023-12-19 22:14:20.397,101.6,101.6,101.6,26.5
2023-12-19 22:14:20.508,101.6,101.6,101.6,26.5
2023-12-19 22:14:20.619,101.6,101.6,101.6,26.5
2023-12-19 22:14:20.729,101.6,101.6,101.6,26.5
2023-12-19 22:14:20.837,101.6,101.6,101.6,26.5
2023-12-19 22:14:20.947,101.6,101.6,101.6,26.5
2023-12-19 22:14:21.058,101.6,101.6,101.6,26.5
2023-12-19 22:14:21.169,101.6,101.6,101.6,26.5
2023-12-19 22:14:21.280,101.6,101.6,101.6,26.5
2023-12-19 22:14:21.388,101.6,101.6,101.6,26.5
2023-12-19 22:14:21.501,101.6,101.6,101.6,26.5
2023-12-19 22:14:21.611,101.6,101.6,101.6,26.5
2023-12-19 22:14:21.720,101.6,101.6,101.6,26.5
2023-12-19 22:14:21.830,101.6,101.6,101.6,26.5
2023-12-19 22:14:21.940,101.6,101.6,101.6,26.6
2023-12-19 22:14:22.052,101.6,101.6,101.6,26.5
2023-12-19 22:14:22.163,101.6,101.6,101.6,26.5
2023-12-19 22:14:22.272,101.6,101.6,101.6,26.5
2023-12-19 22:14:22.381,101.6,101.6,101.6,26.5
2023-12-19 22:14:22.491,101.6,101.6,101.6,26.5
2023-12-19 22:14:22.602,101.6,101.6,101.6,26.5
2023-12-19 22:14:22.712,101.6,101.6,101.6,26.5
2023-12-19 22:14:22.824,101.6,101.6,101.6,26.5
2023-12-19 22:14:22.933,101.6,101.6,101.6,26.5
2023-12-19 22:14:23.043,101.6,101.6,101.6,26.5
2023-12-19 22:14:23.151,101.6,101.6,101.6,26.5
2023-12-19 22:14:23.259,101.6,101.6,101.6,26.5
2023-12-19 22:14:23.370,101.6,101.6,101.6,26.5
2023-12-19 22:14:23.478,101.6,101.6,101.6,26.5
2023-12-19 22:14:23.588,101.6,101.6,101.6,26.5
2023-12-19 22:14:23.697,101.6,101.6,101.6,26.5
2023-12-19 22:14:23.810,101.6,101.6,101.6,26.5
2023-12-19 22:14:23.919,101.6,101.6,101.6,26.5
2023-12-19 22:14:24.025,101.6,101.6,101.6,26.5
2023-12-19 22:14:24.134,101.6,101.6,101.6,26.5
2023-12-19 22:14:24.243,101.6,101.6,101.6,26.5
2023-12-19 22:14:24.354,101.6,101.6,101.6,26.5
2023-12-19 22:14:24.462,101.6,101.6,101.6,26.5
2023-12-19 22:14:24.574,101.6,101.6,101.6,26.5
2023-12-19 22:14:24.683,101.6,101.6,101.6,26.5
2023-12-19 22:14:24.795,101.6,101.6,101.6,26.5
2023-12-19 22:14:24.904,101.6,101.6,101.6,26.5
2023-12-19 22:14:25.014,101.6,101.6,101.6,26.5
2023-12-19 22:14:25.124,101.6,101.6,101.6,26.5
2023-12-19 22:14:25.234,101.6,101.6,101.6,26.5
2023-12-19 22:14:25.342,101.6,101.6,101.6,26.5
2023-12-19 22:14:25.453,101.6,101.6,101.6,26.5
2023-12-19 22:14:25.563,101.6,101.6,101.6,26.5
2023-12-19 22:14:25.675,101.6,101.6,101.6,26.5
2023-12-19 22:14:25.783,101.6,101.6,101.6,26.5
2023-12-19 22:14:25.892,101.6,101.6,101.6,26.5
2023-12-19 22:14:26.004,101.6,101.6,101.6,26.5
2023-12-19 22:14:26.114,101.6,101.6,101.6,26.5
2023-12-19 22:14:26.224,101.6,101.6,101.6,26.5
2023-12-19 22:14:26.335,101.6,101.6,101.6,26.5
2023-12-19 22:14:26.442,101.6,101.6,101.6,26.5
2023-12-19 22:14:26.552,101.6,101.6,101.6,26.5
2023-12-19 22:14:26.660,101.6,101.6,101.6,26.5
2023-12-19 22:14:26.770,101.6,101.6,101.6,26.5
2023-12-19 22:14:26.878,101.6,101.6,101.6,26.5
2023-12-19 22:14:26.990,101.6,101.6,101.6,26.5
2023-12-19 22:14:27.100,101.6,101.6,101.6,26.5
2023-12-19 22:14:27.211,101.6,101.6,101.6,26.5
2023-12-19 22:14:27.321,101.6,101.6,101.6,26.5
2023-12-19 22:14:27.431,101.6,101.6,101.6,26.5
2023-12-19 22:14:27.539,101.6,101.6,101.6,26.5
2023-12-19 22:14:27.651,101.6,101.6,101.6,26.5
2023-12-19 22:14:27.760,101.6,101.6,101.6,26.5
2023-12-19 22:14:27.871,101.6,101.6,101.6,26.5
2023-12-19 22:14:27.980,101.6,101.6,101.6,26.5
2023-12-19 22:14:28.092,101.6,101.6,101.6,26.5
2023-12-19 22:14:28.202,101.6,101.6,101.6,26.5
2023-12-19 22:14:28.312,101.6,101.6,101.6,26.5
2023-12-19 22:14:28.421,101.6,101.6,101.6,26.5
2023-12-19 22:14:28.529,101.6,101.6,101.6,26.5
2023-12-19 22:14:28.641,101.6,101.6,101.6,26.5
2023-12-19 22:14:28.750,101.6,101.6,101.6,26.5
2023-12-19 22:14:28.859,101.6,101.6,101.6,26.5
2023-12-19 22:14:28.969,101.6,101.6,101.6,26.5
2023-12-19 22:14:29.079,101.6,101.6,101.6,26.5
2023-12-19 22:14:29.185,101.6,101.6,101.6,26.5
2023-12-19 22:14:29.295,101.6,101.6,101.6,26.5
2023-12-19 22:14:29.404,101.6,101.6,101.6,26.5
2023-12-19 22:14:29.513,101.6,101.6,101.6,26.5
2023-12-19 22:14:29.622,101.6,101.6,101.6,26.5
2023-12-19 22:14:29.733,101.6,101.6,101.6,26.5
2023-12-19 22:14:29.844,101.6,101.6,101.6,26.5
2023-12-19 22:14:29.956,101.6,101.6,101.6,26.5
2023-12-19 22:14:30.065,101.6,101.6,101.6,26.5
2023-12-19 22:14:30.176,101.6,101.6,101.6,26.5
2023-12-19 22:14:30.286,101.6,101.6,101.6,26.5
2023-12-19 22:14:30.395,101.6,101.6,101.6,26.5
2023-12-19 22:14:30.504,101.6,101.6,101.6,26.5
2023-12-19 22:14:30.615,101.6,101.6,101.6,26.5
2023-12-19 22:14:30.724,101.6,101.6,101.6,26.5
2023-12-19 22:14:30.834,101.6,101.6,101.6,26.5
2023-12-19 22:14:30.943,101.6,101.6,101.6,26.5
2023-12-19 22:14:31.052,101.6,101.6,101.6,26.5
2023-12-19 22:14:31.163,101.6,101.6,101.6,26.5
2023-12-19 22:14:31.273,101.6,101.6,101.6,26.5
2023-12-19 22:14:31.383,101.6,101.6,101.6,26.5
2023-12-19 22:14:31.495,101.6,101.6,101.6,26.5
2023-12-19 22:14:31.605,101.6,101.6,101.6,26.5
2023-12-19 22:14:31.714,101.6,101.6,101.6,26.5
2023-12-19 22:14:31.825,101.6,101.6,101.6,26.5
2023-12-19 22:14:31.936,101.6,101.6,101.6,26.5
2023-12-19 22:14:32.044,101.6,101.6,101.6,26.5
2023-12-19 22:14:32.154,101.6,101.6,101.6,26.6
2023-12-19 22:14:32.266,101.6,101.6,101.6,26.5
2023-12-19 22:14:32.378,101.6,101.6,101.6,26.5
2023-12-19 22:14:32.487,101.6,101.6,101.6,26.5
2023-12-19 22:14:32.597,101.6,101.6,101.6,26.5
2023-12-19 22:14:32.705,101.6,101.6,101.6,26.5
2023-12-19 22:14:32.816,101.6,101.6,101.6,26.5
2023-12-19 22:14:32.923,101.6,101.6,101.6,26.5
2023-12-19 22:14:33.035,101.6,101.6,101.6,26.5
2023-12-19 22:14:33.148,101.6,101.6,101.6,26.5
2023-12-19 22:14:33.257,101.6,101.6,101.6,26.5
2023-12-19 22:14:33.368,101.6,101.6,101.6,26.5
2023-12-19 22:14:33.478,101.6,101.6,101.6,26.5
2023-12-19 22:14:33.586,101.6,101.6,101.6,26.5
2023-12-19 22:14:33.695,101.6,101.6,101.6,26.5
2023-12-19 22:14:33.805,101.6,101.6,101.6,26.5
2023-12-19 22:14:33.917,101.6,101.6,101.6,26.5
2023-12-19 22:14:34.028,101.6,101.6,101.6,26.5
2023-12-19 22:14:34.138,101.6,101.6,101.6,26.5
2023-12-19 22:14:34.248,101.6,101.6,101.6,26.5
2023-12-19 22:14:34.359,101.6,101.6,101.6,26.5
2023-12-19 22:14:34.469,101.6,101.6,101.6,26.5
2023-12-19 22:14:34.578,101.6,101.6,101.6,26.5
2023-12-19 22:14:34.687,101.6,101.6,101.6,26.5
2023-12-19 22:14:34.794,101.6,101.6,101.6,26.5
2023-12-19 22:14:34.906,101.6,101.6,101.6,26.5
2023-12-19 22:14:35.016,101.6,101.6,101.6,26.6
2023-12-19 22:14:35.125,101.6,101.6,101.6,26.5
2023-12-19 22:14:35.235,101.6,101.6,101.6,26.6
2023-12-19 22:14:35.344,101.6,101.6,101.6,26.5
2023-12-19 22:14:35.455,101.6,101.6,101.6,26.5
2023-12-19 22:14:35.562,101.6,101.6,101.6,26.6
2023-12-19 22:14:35.669,101.6,101.6,101.6,26.5
2023-12-19 22:14:35.781,101.6,101.6,101.6,26.5
2023-12-19 22:14:35.890,101.6,101.6,101.6,26.5
2023-12-19 22:14:36.001,101.6,101.6,101.6,26.5
2023-12-19 22:14:36.108,101.6,101.6,101.6,26.5
2023-12-19 22:14:36.220,101.6,101.6,101.6,26.5
2023-12-19 22:14:36.331,101.6,101.6,101.6,26.5
2023-12-19 22:14:36.441,101.6,101.6,101.6,26.5
2023-12-19 22:14:36.551,101.6,101.6,101.6,26.5
2023-12-19 22:14:36.661,101.6,101.6,101.6,26.5
2023-12-19 22:14:36.770,101.6,101.6,101.6,26.5
2023-12-19 22:14:36.883,101.6,101.6,101.6,26.5
2023-12-19 22:14:36.992,101.6,101.6,101.6,26.5
2023-12-19 22:14:37.103,101.6,101.6,101.6,26.5
2023-12-19 22:14:37.213,101.6,101.6,101.6,26.5
2023-12-19 22:14:37.322,101.6,101.6,101.6,26.5
2023-12-19 22:14:37.432,101.6,101.6,101.6,26.6
2023-12-19 22:14:37.542,101.6,101.6,101.6,26.5
2023-12-19 22:14:37.653,101.6,101.6,101.6,26.5
2023-12-19 22:14:37.761,101.6,101.6,101.6,26.5
2023-12-19 22:14:37.873,101.6,101.6,101.6,26.5
2023-12-19 22:14:37.985,101.6,101.6,101.6,26.5
2023-12-19 22:14:38.094,101.6,101.6,101.6,26.6
2023-12-19 22:14:38.204,101.6,101.6,101.6,26.5
2023-12-19 22:14:38.315,101.6,101.6,101.6,26.5
2023-12-19 22:14:38.428,101.6,101.6,101.6,26.5
2023-12-19 22:14:38.537,101.6,101.6,101.6,26.5
2023-12-19 22:14:38.648,101.6,101.6,101.6,26.5
2023-12-19 22:14:38.759,101.6,101.6,101.6,26.5
2023-12-19 22:14:38.868,101.6,101.6,101.6,26.5
2023-12-19 22:14:38.979,101.6,101.6,101.6,26.5
2023-12-19 22:14:39.091,101.6,101.6,101.6,26.5
2023-12-19 22:14:39.199,101.6,101.6,101.6,26.5
2023-12-19 22:14:39.311,101.6,101.6,101.6,26.5
2023-12-19 22:14:39.419,101.6,101.6,101.6,26.5
2023-12-19 22:14:39.530,101.6,101.6,101.6,26.5
2023-12-19 22:14:39.639,101.6,101.6,101.6,26.5
2023-12-19 22:14:39.750,101.6,101.6,101.6,26.5
2023-12-19 22:14:39.859,101.6,101.6,101.6,26.5
2023-12-19 22:14:39.968,101.6,101.6,101.6,26.5
2023-12-19 22:14:40.078,101.6,101.6,101.6,26.5
2023-12-19 22:14:40.187,101.6,101.6,101.6,26.5
2023-12-19 22:14:40.299,101.6,101.6,101.6,26.5
2023-12-19 22:14:40.408,101.6,101.6,101.6,26.6
2023-12-19 22:14:40.517,101.6,101.6,101.6,26.5
2023-12-19 22:14:40.624,101.6,101.6,101.6,26.5
2023-12-19 22:14:40.734,101.6,101.6,101.6,26.5
2023-12-19 22:14:40.844,101.6,101.6,101.6,26.5
2023-12-19 22:14:40.953,101.6,101.6,101.6,26.5
2023-12-19 22:14:41.062,101.6,101.6,101.6,26.5
2023-12-19 22:14:41.171,101.6,101.6,101.6,26.5
2023-12-19 22:14:41.280,101.6,101.6,101.6,26.5
2023-12-19 22:14:41.390,101.6,101.6,101.6,26.5
2023-12-19 22:14:41.498,101.6,101.6,101.6,26.5
2023-12-19 22:14:41.610,101.6,101.6,101.6,26.5
2023-12-19 22:14:41.723,101.6,101.6,101.6,26.5
2023-12-19 22:14:41.830,101.6,101.6,101.6,26.5
2023-12-19 22:14:41.944,101.6,101.6,101.6,26.5
2023-12-19 22:14:42.050,101.6,101.6,101.6,26.5
2023-12-19 22:14:42.162,101.6,101.6,101.6,26.5
2023-12-19 22:14:42.272,101.6,101.6,101.6,26.5
2023-12-19 22:14:42.379,101.6,101.6,101.6,26.5
2023-12-19 22:14:42.488,101.6,101.6,101.6,26.5
2023-12-19 22:14:42.597,101.6,101.6,101.6,26.5
2023-12-19 22:14:42.706,101.6,101.6,101.6,26.5
2023-12-19 22:14:42.817,101.6,101.6,101.6,26.5
2023-12-19 22:14:42.928,101.6,101.6,101.6,26.5
2023-12-19 22:14:43.036,101.6,101.6,101.6,26.5
2023-12-19 22:14:43.145,101.6,101.6,101.6,26.5
2023-12-19 22:14:43.257,101.6,101.6,101.6,26.5
2023-12-19 22:14:43.366,101.6,101.6,101.6,26.5
2023-12-19 22:14:43.474,101.6,101.6,101.6,26.5
2023-12-19 22:14:43.585,101.6,101.6,101.6,26.5
2023-12-19 22:14:43.695,101.6,101.6,101.6,26.5
2023-12-19 22:14:43.807,101.6,101.6,101.6,26.5
2023-12-19 22:14:43.917,101.6,101.6,101.6,26.5
2023-12-19 22:14:44.029,101.6,101.6,101.6,26.5
2023-12-19 22:14:44.136,101.6,101.6,101.6,26.5
2023-12-19 22:14:44.248,101.6,101.6,101.6,26.5
2023-12-19 22:14:44.358,101.6,101.6,101.6,26.5
2023-12-19 22:14:44.467,101.6,101.6,101.6,26.5
2023-12-19 22:14:44.580,101.6,101.6,101.6,26.5
2023-12-19 22:14:44.690,101.6,101.6,101.6,26.5
2023-12-19 22:14:44.803,101.6,101.6,101.6,26.5
2023-12-19 22:14:44.910,101.6,101.6,101.6,26.5
2023-12-19 22:14:45.022,101.6,101.6,101.6,26.5
2023-12-19 22:14:45.132,101.6,101.6,101.6,26.5
2023-12-19 22:14:45.241,101.6,101.6,101.6,26.5
2023-12-19 22:14:45.353,101.6,101.6,101.6,26.5
2023-12-19 22:14:45.462,101.6,101.6,101.6,26.5
2023-12-19 22:14:45.570,101.6,101.6,101.6,26.5
2023-12-19 22:14:45.680,101.6,101.6,101.6,26.6
2023-12-19 22:14:45.793,101.6,101.6,101.6,26.5
2023-12-19 22:14:45.901,101.6,101.6,101.6,26.6
2023-12-19 22:14:46.012,101.6,101.6,101.6,26.5
2023-12-19 22:14:46.123,101.6,101.6,101.6,26.5
2023-12-19 22:14:46.234,101.6,101.6,101.6,26.5
2023-12-19 22:14:46.342,101.6,101.6,101.6,26.5
2023-12-19 22:14:46.455,101.6,101.6,101.6,26.5
2023-12-19 22:14:46.564,101.6,101.6,101.6,26.5
2023-12-19 22:14:46.673,101.6,101.6,101.6,26.5
2023-12-19 22:14:46.783,101.6,101.6,101.6,26.5
2023-12-19 22:14:46.890,101.6,101.6,101.6,26.5
2023-12-19 22:14:47.001,101.6,101.6,101.6,26.5
2023-12-19 22:14:47.112,101.6,101.6,101.6,26.5
2023-12-19 22:14:47.223,101.6,101.6,101.6,26.5
2023-12-19 22:14:47.335,101.6,101.6,101.6,26.5
2023-12-19 22:14:47.444,101.6,101.6,101.6,26.5
2023-12-19 22:14:47.553,101.6,101.6,101.6,26.5
2023-12-19 22:14:47.663,101.6,101.6,101.6,26.5
2023-12-19 22:14:47.774,101.6,101.6,101.6,26.5
2023-12-19 22:14:47.884,101.6,101.6,101.6,26.5
2023-12-19 22:14:47.994,101.6,101.6,101.6,26.5
2023-12-19 22:14:48.104,101.6,101.6,101.6,26.5
2023-12-19 22:14:48.216,101.6,101.6,101.6,26.5
2023-12-19 22:14:48.325,101.6,101.6,101.6,26.5
2023-12-19 22:14:48.434,101.6,101.6,101.6,26.5
2023-12-19 22:14:48.546,101.6,101.6,101.6,26.5
2023-12-19 22:14:48.656,101.6,101.6,101.6,26.5
2023-12-19 22:14:48.766,101.6,101.6,101.6,26.5
2023-12-19 22:14:48.877,101.6,101.6,101.6,26.5
2023-12-19 22:14:48.991,101.6,101.6,101.6,26.5
2023-12-19 22:14:49.098,101.6,101.6,101.6,26.5
2023-12-19 22:14:49.209,101.6,101.6,101.6,26.5
2023-12-19 22:14:49.319,101.6,101.6,101.6,26.5
2023-12-19 22:14:49.429,101.6,101.6,101.6,26.5
2023-12-19 22:14:49.540,101.6,101.6,101.6,26.5
2023-12-19 22:14:49.650,101.6,101.6,101.6,26.5
2023-12-19 22:14:49.760,101.6,101.6,101.6,26.5
2023-12-19 22:14:49.871,101.6,101.6,101.6,26.5
2023-12-19 22:14:49.979,101.6,101.6,101.6,26.5
2023-12-19 22:14:50.089,101.6,101.6,101.6,26.5
2023-12-19 22:14:50.200,101.6,101.6,101.6,26.5
2023-12-19 22:14:50.312,101.6,101.6,101.6,26.6
2023-12-19 22:14:50.421,101.6,101.6,101.6,26.5
2023-12-19 22:14:50.531,101.6,101.6,101.6,26.5
2023-12-19 22:14:50.642,101.6,101.6,101.6,26.5
2023-12-19 22:14:50.751,101.6,101.6,101.6,26.5
2023-12-19 22:14:50.862,101.6,101.6,101.6,26.5
2023-12-19 22:14:50.973,101.6,101.6,101.6,26.5
2023-12-19 22:14:51.080,101.6,101.6,101.6,26.6
2023-12-19 22:14:51.188,101.6,101.6,101.6,26.5
2023-12-19 22:14:51.298,101.6,101.6,101.6,26.5
2023-12-19 22:14:51.409,101.6,101.6,101.6,26.5
2023-12-19 22:14:51.518,101.6,101.6,101.6,26.5
2023-12-19 22:14:51.629,101.6,101.6,101.6,26.6
2023-12-19 22:14:51.737,101.6,101.6,101.6,26.5
2023-12-19 22:14:51.845,101.6,101.6,101.6,26.5
2023-12-19 22:14:51.955,101.6,101.6,101.6,26.6
2023-12-19 22:14:52.063,101.6,101.6,101.6,26.5
2023-12-19 22:14:52.171,101.6,101.6,101.6,26.5
2023-12-19 22:14:52.284,101.6,101.6,101.6,26.6
2023-12-19 22:14:52.393,101.6,101.6,101.6,26.6
2023-12-19 22:14:52.500,101.6,101.6,101.6,26.6
2023-12-19 22:14:52.610,101.6,101.6,101.6,26.5
2023-12-19 22:14:52.719,101.6,101.6,101.6,26.6
2023-12-19 22:14:52.829,101.6,101.6,101.6,26.5
2023-12-19 22:14:52.939,101.6,101.6,101.6,26.5
2023-12-19 22:14:53.052,101.6,101.6,101.6,26.5
2023-12-19 22:14:53.158,101.6,101.6,101.6,26.5
2023-12-19 22:14:53.270,101.6,101.6,101.6,26.5
2023-12-19 22:14:53.380,101.6,101.6,101.6,26.5
2023-12-19 22:14:53.490,101.6,101.6,101.6,26.5
2023-12-19 22:14:53.602,101.6,101.6,101.6,26.5
2023-12-19 22:14:53.709,101.6,101.6,101.6,26.5
2023-12-19 22:14:53.818,101.6,101.6,101.6,26.5
2023-12-19 22:14:53.931,101.6,101.6,101.6,26.5
2023-12-19 22:14:54.041,101.6,101.6,101.6,26.6
2023-12-19 22:14:54.150,101.6,101.6,101.6,26.5
2023-12-19 22:14:54.261,101.6,101.6,101.6,26.5
2023-12-19 22:14:54.370,101.6,101.6,101.6,26.5
2023-12-19 22:14:54.480,101.6,101.6,101.6,26.5
2023-12-19 22:14:54.591,101.6,101.6,101.6,26.5
2023-12-19 22:14:54.701,101.6,101.6,101.6,26.5
2023-12-19 22:14:54.811,101.6,101.6,101.6,26.5
2023-12-19 22:14:54.921,101.6,101.6,101.6,26.6
2023-12-19 22:14:55.030,101.6,101.6,101.6,26.5
2023-12-19 22:14:55.140,101.6,101.6,101.6,26.6
2023-12-19 22:14:55.249,101.6,101.6,101.6,26.5
2023-12-19 22:14:55.358,101.6,101.6,101.6,26.6
2023-12-19 22:14:55.470,101.6,101.6,101.6,26.5
2023-12-19 22:14:55.578,101.6,101.6,101.6,26.5
2023-12-19 22:14:55.685,101.6,101.6,101.6,26.5
2023-12-19 22:14:55.791,101.6,101.6,101.6,26.6
2023-12-19 22:14:55.903,101.6,101.6,101.6,26.5
2023-12-19 22:14:56.015,101.6,101.6,101.6,26.5
2023-12-19 22:14:56.124,101.6,101.6,101.6,26.5
2023-12-19 22:14:56.234,101.6,101.6,101.6,26.5
2023-12-19 22:14:56.343,101.6,101.6,101.6,26.5
2023-12-19 22:14:56.454,101.6,101.6,101.6,26.5
2023-12-19 22:14:56.562,101.6,101.6,101.6,26.6
2023-12-19 22:14:56.670,101.6,101.6,101.6,26.5
2023-12-19 22:14:56.780,101.6,101.6,101.6,26.5
2023-12-19 22:14:56.892,101.6,101.6,101.6,26.5
2023-12-19 22:14:57.001,101.6,101.6,101.6,26.5
2023-12-19 22:14:57.111,101.6,101.6,101.6,26.5
2023-12-19 22:14:57.221,101.6,101.6,101.6,26.5
2023-12-19 22:14:57.331,101.6,101.6,101.6,26.5
2023-12-19 22:14:57.443,101.6,101.6,101.6,26.5
2023-12-19 22:14:57.552,101.6,101.6,101.6,26.6
2023-12-19 22:14:57.661,101.6,101.6,101.6,26.5
2023-12-19 22:14:57.769,101.6,101.6,101.6,26.5
2023-12-19 22:14:57.879,101.6,101.6,101.6,26.5
2023-12-19 22:14:57.988,101.6,101.6,101.6,26.5
2023-12-19 22:14:58.097,101.6,101.6,101.6,26.6
2023-12-19 22:14:58.205,101.6,101.6,101.6,26.5
2023-12-19 22:14:58.316,101.6,101.6,101.6,26.5
2023-12-19 22:14:58.427,101.6,101.6,101.6,26.5
2023-12-19 22:14:58.536,101.6,101.6,101.6,26.5
2023-12-19 22:14:58.644,101.6,101.6,101.6,26.5
2023-12-19 22:14:58.754,101.6,101.6,101.6,26.5
2023-12-19 22:14:58.865,101.6,101.6,101.6,26.5
2023-12-19 22:14:58.977,101.6,101.6,101.6,26.5
2023-12-19 22:14:59.085,101.6,101.6,101.6,26.5
2023-12-19 22:14:59.194,101.6,101.6,101.6,26.5
2023-12-19 22:14:59.304,101.6,101.6,101.6,26.5
2023-12-19 22:14:59.415,101.6,101.6,101.6,26.5
2023-12-19 22:14:59.527,101.6,101.6,101.6,26.5
2023-12-19 22:14:59.638,101.6,101.6,101.6,26.5
2023-12-19 22:14:59.747,101.6,101.6,101.6,26.5
2023-12-19 22:14:59.857,101.6,101.6,101.6,26.5
2023-12-19 22:14:59.968,101.6,101.6,101.6,26.5
2023-12-19 22:15:00.079,101.6,101.6,101.6,26.5
2023-12-19 22:15:00.189,101.6,101.6,101.6,26.5
2023-12-19 22:15:00.299,101.6,101.6,101.6,26.5
2023-12-19 22:15:00.408,101.6,101.6,101.6,26.5
2023-12-19 22:15:00.517,101.6,101.6,101.6,26.5
2023-12-19 22:15:00.627,101.6,101.6,101.6,26.5
2023-12-19 22:15:00.737,101.6,101.6,101.6,26.5
2023-12-19 22:15:00.846,101.6,101.6,101.6,26.5
2023-12-19 22:15:00.954,101.6,101.6,101.6,26.5
2023-12-19 22:15:01.065,101.6,101.6,101.6,26.5
2023-12-19 22:15:01.176,101.6,101.6,101.6,26.5
2023-12-19 22:15:01.281,101.6,101.6,101.6,26.5
2023-12-19 22:15:01.393,101.6,101.6,101.6,26.5
2023-12-19 22:15:01.503,101.6,101.6,101.6,26.5
2023-12-19 22:15:01.614,101.6,101.6,101.6,26.5
2023-12-19 22:15:01.724,101.6,101.6,101.6,26.5
2023-12-19 22:15:01.835,101.6,101.6,101.6,26.5
2023-12-19 22:15:01.946,101.6,101.6,101.6,26.5
2023-12-19 22:15:02.056,101.6,101.6,101.6,26.5
2023-12-19 22:15:02.168,101.6,101.6,101.6,26.5
2023-12-19 22:15:02.278,101.6,101.6,101.6,26.5
2023-12-19 22:15:02.386,101.6,101.6,101.6,26.5
2023-12-19 22:15:02.498,101.6,101.6,101.6,26.5
2023-12-19 22:15:02.609,101.6,101.6,101.6,26.5
2023-12-19 22:15:02.720,101.6,101.6,101.6,26.5
2023-12-19 22:15:02.832,101.6,101.6,101.6,26.5
2023-12-19 22:15:02.941,101.6,101.6,101.6,26.5
2023-12-19 22:15:03.051,101.6,101.6,101.6,26.5
2023-12-19 22:15:03.163,101.6,101.6,101.6,26.5
2023-12-19 22:15:03.272,101.6,101.6,101.6,26.5
2023-12-19 22:15:03.383,101.6,101.6,101.6,26.6
2023-12-19 22:15:03.493,101.6,101.6,101.6,26.5
2023-12-19 22:15:03.603,101.6,101.6,101.6,26.5
2023-12-19 22:15:03.732,101.6,101.6,101.6,26.5
2023-12-19 22:15:03.840,101.6,101.6,101.6,26.5
2023-12-19 22:15:03.952,101.6,101.6,101.6,26.5
2023-12-19 22:15:04.061,101.6,101.6,101.6,26.5
2023-12-19 22:15:04.171,101.6,101.6,101.6,26.5
2023-12-19 22:15:04.282,101.6,101.6,101.6,26.5
2023-12-19 22:15:04.392,101.6,101.6,101.6,26.5
2023-12-19 22:15:04.500,101.6,101.6,101.6,26.5
2023-12-19 22:15:04.609,101.6,101.6,101.6,26.5
2023-12-19 22:15:04.718,101.6,101.6,101.6,26.5
2023-12-19 22:15:04.828,101.6,101.6,101.6,26.5
2023-12-19 22:15:04.935,101.6,101.6,101.6,26.5
2023-12-19 22:15:05.046,101.6,101.6,101.6,26.5
2023-12-19 22:15:05.156,101.6,101.6,101.6,26.5
2023-12-19 22:15:05.267,101.6,101.6,101.6,26.5
2023-12-19 22:15:05.375,101.6,101.6,101.6,26.5
2023-12-19 22:15:05.484,101.6,101.6,101.6,26.5
2023-12-19 22:15:05.591,101.6,101.6,101.6,26.5
2023-12-19 22:15:05.702,101.6,101.6,101.6,26.5
2023-12-19 22:15:05.810,101.6,101.6,101.6,26.5
2023-12-19 22:15:05.922,101.6,101.6,101.6,26.5
2023-12-19 22:15:06.032,101.6,101.6,101.6,26.5
2023-12-19 22:15:06.143,101.6,101.6,101.6,26.5
2023-12-19 22:15:06.253,101.6,101.6,101.6,26.5
2023-12-19 22:15:06.364,101.6,101.6,101.6,26.5
2023-12-19 22:15:06.472,101.6,101.6,101.6,26.5
2023-12-19 22:15:06.582,101.6,101.6,101.6,26.5
2023-12-19 22:15:06.693,101.6,101.6,101.6,26.5
2023-12-19 22:15:06.805,101.6,101.6,101.6,26.5
2023-12-19 22:15:06.915,101.6,101.6,101.6,26.5
2023-12-19 22:15:07.026,101.6,101.6,101.6,26.5
2023-12-19 22:15:07.134,101.6,101.6,101.6,26.5
2023-12-19 22:15:07.246,101.6,101.6,101.6,26.5
2023-12-19 22:15:07.354,101.6,101.6,101.6,26.5
2023-12-19 22:15:07.467,101.6,101.6,101.6,26.5
2023-12-19 22:15:07.576,101.6,101.6,101.6,26.5
2023-12-19 22:15:07.685,101.6,101.6,101.6,26.5
2023-12-19 22:15:07.795,101.6,101.6,101.6,26.5
2023-12-19 22:15:07.904,101.6,101.6,101.6,26.5
2023-12-19 22:15:08.015,101.6,101.6,101.6,26.5
2023-12-19 22:15:08.125,101.6,101.6,101.6,26.5
2023-12-19 22:15:08.234,101.6,101.6,101.6,26.5
2023-12-19 22:15:08.345,101.6,101.6,101.6,26.5
2023-12-19 22:15:08.455,101.6,101.6,101.6,26.5
2023-12-19 22:15:08.565,101.6,101.6,101.6,26.5
2023-12-19 22:15:08.673,101.6,101.6,101.6,26.5
2023-12-19 22:15:08.785,101.6,101.6,101.6,26.5
2023-12-19 22:15:08.893,101.6,101.6,101.6,26.5
2023-12-19 22:15:09.001,101.6,101.6,101.6,26.5
2023-12-19 22:15:09.112,101.6,101.6,101.6,26.5
2023-12-19 22:15:09.219,101.6,101.6,101.6,26.5
2023-12-19 22:15:09.329,101.6,101.6,101.6,26.5
2023-12-19 22:15:09.440,101.6,101.6,101.6,26.6
2023-12-19 22:15:09.549,101.6,101.6,101.6,26.5
2023-12-19 22:15:09.659,101.6,101.6,101.6,26.5
2023-12-19 22:15:09.769,101.6,101.6,101.6,26.5
2023-12-19 22:15:09.878,101.6,101.6,101.6,26.5
2023-12-19 22:15:09.990,101.6,101.6,101.6,26.5
2023-12-19 22:15:10.102,101.6,101.6,101.6,26.5
2023-12-19 22:15:10.212,101.6,101.6,101.6,26.5
2023-12-19 22:15:10.321,101.6,101.6,101.6,26.5
2023-12-19 22:15:10.432,101.6,101.6,101.6,26.5
2023-12-19 22:15:10.544,101.6,101.6,101.6,26.5
2023-12-19 22:15:10.653,101.6,101.6,101.6,26.5
2023-12-19 22:15:10.765,101.6,101.6,101.6,26.5
2023-12-19 22:15:10.874,101.6,101.6,101.6,26.5
2023-12-19 22:15:10.984,101.6,101.6,101.6,26.5
2023-12-19 22:15:11.096,101.6,101.6,101.6,26.5
2023-12-19 22:15:11.204,101.6,101.6,101.6,26.5
2023-12-19 22:15:11.313,101.6,101.6,101.6,26.5
2023-12-19 22:15:11.424,101.6,101.6,101.6,26.5
2023-12-19 22:15:11.534,101.6,101.6,101.6,26.5
2023-12-19 22:15:11.644,101.6,101.6,101.6,26.5
2023-12-19 22:15:11.755,101.6,101.6,101.6,26.5
2023-12-19 22:15:11.864,101.6,101.6,101.6,26.5
2023-12-19 22:15:11.976,101.6,101.6,101.6,26.5
2023-12-19 22:15:12.087,101.6,101.6,101.6,26.5
2023-12-19 22:15:12.196,101.6,101.6,101.6,26.5
2023-12-19 22:15:12.304,101.6,101.6,101.6,26.5
2023-12-19 22:15:12.415,101.6,101.6,101.6,26.5
2023-12-19 22:15:12.526,101.6,101.6,101.6,26.5
2023-12-19 22:15:12.634,101.6,101.6,101.6,26.5
2023-12-19 22:15:12.744,101.6,101.6,101.6,26.5
2023-12-19 22:15:12.853,101.6,101.6,101.6,26.5
2023-12-19 22:15:12.963,101.6,101.6,101.6,26.5
2023-12-19 22:15:13.074,101.6,101.6,101.6,26.5
2023-12-19 22:15:13.183,101.6,101.6,101.6,26.5
2023-12-19 22:15:13.296,101.6,101.6,101.6,26.5
2023-12-19 22:15:13.406,101.6,101.6,101.6,26.5
2023-12-19 22:15:13.517,101.6,101.6,101.6,26.5
2023-12-19 22:15:13.627,101.6,101.6,101.6,26.5
2023-12-19 22:15:13.737,101.6,101.6,101.6,26.5
2023-12-19 22:15:13.844,101.6,101.6,101.6,26.5
2023-12-19 22:15:13.953,101.6,101.6,101.6,26.6
2023-12-19 22:15:14.065,101.6,101.6,101.6,26.5
2023-12-19 22:15:14.173,101.6,101.6,101.6,26.5
2023-12-19 22:15:14.282,101.6,101.6,101.6,26.5
2023-12-19 22:15:14.395,101.6,101.6,101.6,26.5
2023-12-19 22:15:14.507,101.6,101.6,101.6,26.5
2023-12-19 22:15:14.614,101.6,101.6,101.6,26.5
2023-12-19 22:15:14.724,101.6,101.6,101.6,26.5
2023-12-19 22:15:14.834,101.6,101.6,101.6,26.5
2023-12-19 22:15:14.943,101.6,101.6,101.6,26.5
2023-12-19 22:15:15.054,101.6,101.6,101.6,26.5
2023-12-19 22:15:15.164,101.6,101.6,101.6,26.5
2023-12-19 22:15:15.274,101.6,101.6,101.6,26.5
2023-12-19 22:15:15.385,101.6,101.6,101.6,26.5
2023-12-19 22:15:15.495,101.6,101.6,101.6,26.5
2023-12-19 22:15:15.605,101.6,101.6,101.6,26.5
2023-12-19 22:15:15.715,101.6,101.6,101.6,26.5
2023-12-19 22:15:15.828,101.6,101.6,101.6,26.5
2023-12-19 22:15:15.936,101.6,101.6,101.6,26.5
2023-12-19 22:15:16.046,101.6,101.6,101.6,26.5
2023-12-19 22:15:16.154,101.6,101.6,101.6,26.5
2023-12-19 22:15:16.263,101.6,101.6,101.6,26.5
2023-12-19 22:15:16.372,101.6,101.6,101.6,26.5
2023-12-19 22:15:16.482,101.6,101.6,101.6,26.5
2023-12-19 22:15:16.591,101.6,101.6,101.6,26.5
2023-12-19 22:15:16.702,101.6,101.6,101.6,26.5
2023-12-19 22:15:16.811,101.6,101.6,101.6,26.5
2023-12-19 22:15:16.919,101.6,101.6,101.6,26.5
2023-12-19 22:15:17.029,101.6,101.6,101.6,26.5
2023-12-19 22:15:17.138,101.6,101.6,101.6,26.6
2023-12-19 22:15:17.246,101.6,101.6,101.6,26.5
2023-12-19 22:15:17.356,101.6,101.6,101.6,26.6
2023-12-19 22:15:17.467,101.6,101.6,101.6,26.5
2023-12-19 22:15:17.575,101.6,101.6,101.6,26.5
2023-12-19 22:15:17.686,101.6,101.6,101.6,26.5
2023-12-19 22:15:17.796,101.6,101.6,101.6,26.5
2023-12-19 22:15:17.907,101.6,101.6,101.6,26.5
2023-12-19 22:15:18.014,101.6,101.6,101.6,26.5
2023-12-19 22:15:18.123,101.6,101.6,101.6,26.5
2023-12-19 22:15:18.235,101.6,101.6,101.6,26.5
2023-12-19 22:15:18.347,101.6,101.6,101.6,26.5
2023-12-19 22:15:18.457,101.6,101.6,101.6,26.5
2023-12-19 22:15:18.566,101.6,101.6,101.6,26.5
2023-12-19 22:15:18.677,101.6,101.6,101.6,26.5
2023-12-19 22:15:18.786,101.6,101.6,101.6,26.5
2023-12-19 22:15:18.895,101.6,101.6,101.6,26.5
2023-12-19 22:15:19.006,101.6,101.6,101.6,26.5
2023-12-19 22:15:19.114,101.6,101.6,101.6,26.5
2023-12-19 22:15:19.224,101.6,101.6,101.6,26.5
2023-12-19 22:15:19.335,101.6,101.6,101.6,26.5
2023-12-19 22:15:19.443,101.6,101.6,101.6,26.5
2023-12-19 22:15:19.555,101.6,101.6,101.6,26.5
2023-12-19 22:15:19.665,101.6,101.6,101.6,26.5
2023-12-19 22:15:19.775,101.6,101.6,101.6,26.5
2023-12-19 22:15:19.883,101.6,101.6,101.6,26.5
2023-12-19 22:15:19.990,101.6,101.6,101.6,26.5
2023-12-19 22:15:20.099,101.6,101.6,101.6,26.5
2023-12-19 22:15:20.208,101.6,101.6,101.6,26.5
2023-12-19 22:15:20.317,101.6,101.6,101.6,26.6
2023-12-19 22:15:20.427,101.6,101.6,101.6,26.5
2023-12-19 22:15:20.538,101.6,101.6,101.6,26.5
2023-12-19 22:15:20.647,101.6,101.6,101.6,26.5
2023-12-19 22:15:20.757,101.6,101.6,101.6,26.5
2023-12-19 22:15:20.866,101.6,101.6,101.6,26.5
2023-12-19 22:15:20.977,101.6,101.6,101.6,26.5
2023-12-19 22:15:21.086,101.6,101.6,101.6,26.5
2023-12-19 22:15:21.197,101.6,101.6,101.6,26.5
2023-12-19 22:15:21.307,101.6,101.6,101.6,26.5
2023-12-19 22:15:21.417,101.6,101.6,101.6,26.5
2023-12-19 22:15:21.528,101.6,101.6,101.6,26.5
2023-12-19 22:15:21.638,101.6,101.6,101.6,26.5
2023-12-19 22:15:21.750,101.6,101.6,101.6,26.5
2023-12-19 22:15:21.860,101.6,101.6,101.6,26.5
2023-12-19 22:15:21.972,101.6,101.6,101.6,26.5
2023-12-19 22:15:22.082,101.6,101.6,101.6,26.5
2023-12-19 22:15:22.191,101.6,101.6,101.6,26.5
2023-12-19 22:15:22.302,101.6,101.6,101.6,26.5
2023-12-19 22:15:22.411,101.6,101.6,101.6,26.5
2023-12-19 22:15:22.523,101.6,101.6,101.6,26.5
2023-12-19 22:15:22.632,101.6,101.6,101.6,26.5
2023-12-19 22:15:22.738,101.6,101.6,101.6,26.5
2023-12-19 22:15:22.848,101.6,101.6,101.6,26.5
2023-12-19 22:15:22.958,101.6,101.6,101.6,26.5
2023-12-19 22:15:23.068,101.6,101.6,101.6,26.5
2023-12-19 22:15:23.180,101.6,101.6,101.6,26.5
2023-12-19 22:15:23.288,101.6,101.6,101.6,26.5
2023-12-19 22:15:23.397,101.6,101.6,101.6,26.5
2023-12-19 22:15:23.508,101.6,101.6,101.6,26.5
2023-12-19 22:15:23.618,101.6,101.6,101.6,26.5
2023-12-19 22:15:23.728,101.6,101.6,101.6,26.5
2023-12-19 22:15:23.839,101.6,101.6,101.6,26.5
2023-12-19 22:15:23.948,101.6,101.6,101.6,26.6
2023-12-19 22:15:24.060,101.6,101.6,101.6,26.5
2023-12-19 22:15:24.170,101.6,101.6,101.6,26.5
2023-12-19 22:15:24.278,101.6,101.6,101.6,26.5
2023-12-19 22:15:24.388,101.6,101.6,101.6,26.5
2023-12-19 22:15:24.499,101.6,101.6,101.6,26.5
2023-12-19 22:15:24.611,101.6,101.6,101.6,26.5
2023-12-19 22:15:24.742,101.6,101.6,101.6,26.5
2023-12-19 22:15:24.844,101.6,101.6,101.6,26.5
2023-12-19 22:15:24.955,101.6,101.6,101.6,26.6
2023-12-19 22:15:25.063,101.6,101.6,101.6,26.5
2023-12-19 22:15:25.174,101.6,101.6,101.6,26.5
2023-12-19 22:15:25.285,101.6,101.6,101.6,26.5
2023-12-19 22:15:25.396,101.6,101.6,101.6,26.5
2023-12-19 22:15:25.506,101.6,101.6,101.6,26.5
2023-12-19 22:15:25.617,101.6,101.6,101.6,26.5
2023-12-19 22:15:25.729,101.6,101.6,101.6,26.5
2023-12-19 22:15:25.839,101.6,101.6,101.6,26.5
2023-12-19 22:15:25.946,101.6,101.6,101.6,26.5
2023-12-19 22:15:26.057,101.6,101.6,101.6,26.5
2023-12-19 22:15:26.164,101.6,101.6,101.6,26.5
2023-12-19 22:15:26.275,101.6,101.6,101.6,26.5
2023-12-19 22:15:26.384,101.6,101.6,101.6,26.5
2023-12-19 22:15:26.495,101.6,101.6,101.6,26.5
2023-12-19 22:15:26.606,101.6,101.6,101.6,26.5
2023-12-19 22:15:26.716,101.6,101.6,101.6,26.5
2023-12-19 22:15:26.826,101.6,101.6,101.6,26.5
2023-12-19 22:15:26.936,101.6,101.6,101.6,26.5
2023-12-19 22:15:27.046,101.6,101.6,101.6,26.5
2023-12-19 22:15:27.156,101.6,101.6,101.6,26.5
2023-12-19 22:15:27.266,101.6,101.6,101.6,26.5
2023-12-19 22:15:27.375,101.6,101.6,101.6,26.5
2023-12-19 22:15:27.487,101.6,101.6,101.6,26.5
2023-12-19 22:15:27.598,101.6,101.6,101.6,26.5
2023-12-19 22:15:27.706,101.6,101.6,101.6,26.5
2023-12-19 22:15:27.816,101.6,101.6,101.6,26.5
2023-12-19 22:15:27.927,101.6,101.6,101.6,26.5
2023-12-19 22:15:28.038,101.6,101.6,101.6,26.5
2023-12-19 22:15:28.146,101.6,101.6,101.6,26.5
2023-12-19 22:15:28.256,101.6,101.6,101.6,26.5
2023-12-19 22:15:28.365,101.6,101.6,101.6,26.5
2023-12-19 22:15:28.472,101.6,101.6,101.6,26.5
2023-12-19 22:15:28.585,101.6,101.6,101.6,26.5
2023-12-19 22:15:28.695,101.6,101.6,101.6,26.5
2023-12-19 22:15:28.807,101.6,101.6,101.6,26.5
2023-12-19 22:15:28.917,101.6,101.6,101.6,26.5
2023-12-19 22:15:29.025,101.6,101.6,101.6,26.5
2023-12-19 22:15:29.134,101.6,101.6,101.6,26.5
2023-12-19 22:15:29.244,101.6,101.6,101.6,26.5
2023-12-19 22:15:29.355,101.6,101.6,101.6,26.5
2023-12-19 22:15:29.465,101.6,101.6,101.6,26.5
2023-12-19 22:15:29.575,101.6,101.6,101.6,26.5
2023-12-19 22:15:29.687,101.6,101.6,101.6,26.5
2023-12-19 22:15:29.796,101.6,101.6,101.6,26.5
2023-12-19 22:15:29.906,101.6,101.6,101.6,26.5
2023-12-19 22:15:30.016,101.6,101.6,101.6,26.5
2023-12-19 22:15:30.125,101.6,101.6,101.6,26.5
2023-12-19 22:15:30.234,101.6,101.6,101.6,26.5
2023-12-19 22:15:30.345,101.6,101.6,101.6,26.5
2023-12-19 22:15:30.455,101.6,101.6,101.6,26.5
2023-12-19 22:15:30.565,101.6,101.6,101.6,26.5
2023-12-19 22:15:30.673,101.6,101.6,101.6,26.5
2023-12-19 22:15:30.783,101.6,101.6,101.6,26.5
2023-12-19 22:15:30.896,101.6,101.6,101.6,26.5
2023-12-19 22:15:31.005,101.6,101.6,101.6,26.5
2023-12-19 22:15:31.116,101.6,101.6,101.6,26.5
2023-12-19 22:15:31.226,101.6,101.6,101.6,26.5
2023-12-19 22:15:31.336,101.6,101.6,101.6,26.5
2023-12-19 22:15:31.446,101.6,101.6,101.6,26.5
2023-12-19 22:15:31.556,101.6,101.6,101.6,26.5
2023-12-19 22:15:31.666,101.6,101.6,101.6,26.5
2023-12-19 22:15:31.778,101.6,101.6,101.6,26.5
2023-12-19 22:15:31.886,101.6,101.6,101.6,26.5
2023-12-19 22:15:31.995,101.6,101.6,101.6,26.5
2023-12-19 22:15:32.106,101.6,101.6,101.6,26.5
2023-12-19 22:15:32.215,101.6,101.6,101.6,26.5
2023-12-19 22:15:32.325,101.6,101.6,101.6,26.5
2023-12-19 22:15:32.435,101.6,101.6,101.6,26.5
2023-12-19 22:15:32.547,101.6,101.6,101.6,26.5
2023-12-19 22:15:32.656,101.6,101.6,101.6,26.5
2023-12-19 22:15:32.764,101.6,101.6,101.6,26.5
2023-12-19 22:15:32.872,101.6,101.6,101.6,26.5
2023-12-19 22:15:32.983,101.6,101.6,101.6,26.5
2023-12-19 22:15:33.093,101.6,101.6,101.6,26.5
2023-12-19 22:15:33.202,101.6,101.6,101.6,26.5
2023-12-19 22:15:33.313,101.6,101.6,101.6,26.5
2023-12-19 22:15:33.423,101.6,101.6,101.6,26.5
2023-12-19 22:15:33.534,101.6,101.6,101.6,26.5
2023-12-19 22:15:33.645,101.6,101.6,101.6,26.5
2023-12-19 22:15:33.753,101.6,101.6,101.6,26.5
2023-12-19 22:15:33.863,101.6,101.6,101.6,26.5
2023-12-19 22:15:33.976,101.6,101.6,101.6,26.5
2023-12-19 22:15:34.084,101.6,101.6,101.6,26.5
2023-12-19 22:15:34.194,101.6,101.6,101.6,26.5
2023-12-19 22:15:34.306,101.6,101.6,101.6,26.5
2023-12-19 22:15:34.416,101.6,101.6,101.6,26.5
2023-12-19 22:15:34.527,101.6,101.6,101.6,26.5
2023-12-19 22:15:34.639,101.6,101.6,101.6,26.5
2023-12-19 22:15:34.750,101.6,101.6,101.6,26.5
2023-12-19 22:15:34.860,101.6,101.6,101.6,26.5
2023-12-19 22:15:34.969,101.6,101.6,101.6,26.5
2023-12-19 22:15:35.078,101.6,101.6,101.6,26.5
2023-12-19 22:15:35.187,101.6,101.6,101.6,26.5
2023-12-19 22:15:35.297,101.6,101.6,101.6,26.5
2023-12-19 22:15:35.407,101.6,101.6,101.6,26.5
2023-12-19 22:15:35.517,101.6,101.6,101.6,26.5
2023-12-19 22:15:35.628,101.6,101.6,101.6,26.5
2023-12-19 22:15:35.736,101.6,101.6,101.6,26.5
2023-12-19 22:15:35.845,101.6,101.6,101.6,26.5
2023-12-19 22:15:35.957,101.6,101.6,101.6,26.5
2023-12-19 22:15:36.064,101.6,101.6,101.6,26.5
2023-12-19 22:15:36.173,101.6,101.6,101.6,26.5
2023-12-19 22:15:36.281,101.6,101.6,101.6,26.5
2023-12-19 22:15:36.390,101.6,101.6,101.6,26.5
2023-12-19 22:15:36.498,101.6,101.6,101.6,26.5
2023-12-19 22:15:36.610,101.6,101.6,101.6,26.5
2023-12-19 22:15:36.718,101.6,101.6,101.6,26.5
2023-12-19 22:15:36.827,101.6,101.6,101.6,26.5
2023-12-19 22:15:36.939,101.6,101.6,101.6,26.5
2023-12-19 22:15:37.047,101.6,101.6,101.6,26.5
2023-12-19 22:15:37.159,101.6,101.6,101.6,26.5
2023-12-19 22:15:37.267,101.6,101.6,101.6,26.5
2023-12-19 22:15:37.377,101.6,101.6,101.6,26.5
2023-12-19 22:15:37.482,101.6,101.6,101.6,26.5
2023-12-19 22:15:37.592,101.6,101.6,101.6,26.5
2023-12-19 22:15:37.700,101.6,101.6,101.6,26.5
2023-12-19 22:15:37.812,101.6,101.6,101.6,26.5
2023-12-19 22:15:37.920,101.6,101.6,101.6,26.5
2023-12-19 22:15:38.031,101.6,101.6,101.6,26.5
2023-12-19 22:15:38.141,101.6,101.6,101.6,26.5
2023-12-19 22:15:38.253,101.6,101.6,101.6,26.5
2023-12-19 22:15:38.363,101.6,101.6,101.6,26.5
2023-12-19 22:15:38.471,101.6,101.6,101.6,26.5
2023-12-19 22:15:38.582,101.6,101.6,101.6,26.5
2023-12-19 22:15:38.691,101.6,101.6,101.6,26.6
2023-12-19 22:15:38.802,101.6,101.6,101.6,26.5
2023-12-19 22:15:38.913,101.6,101.6,101.6,26.5
2023-12-19 22:15:39.019,101.6,101.6,101.6,26.5
2023-12-19 22:15:39.133,101.6,101.6,101.6,26.5
2023-12-19 22:15:39.243,101.6,101.6,101.6,26.5
2023-12-19 22:15:39.352,101.6,101.6,101.6,26.5
2023-12-19 22:15:39.461,101.6,101.6,101.6,26.5
2023-12-19 22:15:39.573,101.6,101.6,101.6,26.5
2023-12-19 22:15:39.683,101.6,101.6,101.6,26.5
2023-12-19 22:15:39.793,101.6,101.6,101.6,26.5
2023-12-19 22:15:39.903,101.6,101.6,101.6,26.5
2023-12-19 22:15:40.012,101.6,101.6,101.6,26.6
2023-12-19 22:15:40.123,101.6,101.6,101.6,26.5
2023-12-19 22:15:40.235,101.6,101.6,101.6,26.5
2023-12-19 22:15:40.345,101.6,101.6,101.6,26.5
2023-12-19 22:15:40.455,101.6,101.6,101.6,26.5
2023-12-19 22:15:40.564,101.6,101.6,101.6,26.5
2023-12-19 22:15:40.675,101.6,101.6,101.6,26.5
2023-12-19 22:15:40.801,101.6,101.6,101.6,26.5
2023-12-19 22:15:40.911,101.6,101.6,101.6,26.5
2023-12-19 22:15:41.019,101.6,101.6,101.6,26.5
2023-12-19 22:15:41.129,101.6,101.6,101.6,26.5
2023-12-19 22:15:41.240,101.6,101.6,101.6,26.5
2023-12-19 22:15:41.351,101.6,101.6,101.6,26.5
2023-12-19 22:15:41.459,101.6,101.6,101.6,26.6
2023-12-19 22:15:41.568,101.6,101.6,101.6,26.5
2023-12-19 22:15:41.679,101.6,101.6,101.6,26.5
2023-12-19 22:15:41.788,101.6,101.6,101.6,26.5
2023-12-19 22:15:41.896,101.6,101.6,101.6,26.5
2023-12-19 22:15:42.007,101.6,101.6,101.6,26.5
2023-12-19 22:15:42.118,101.6,101.6,101.6,26.5
2023-12-19 22:15:42.225,101.6,101.6,101.6,26.5
2023-12-19 22:15:42.335,101.6,101.6,101.6,26.5
2023-12-19 22:15:42.446,101.6,101.6,101.6,26.5
2023-12-19 22:15:42.555,101.6,101.6,101.6,26.5
2023-12-19 22:15:42.664,101.6,101.6,101.6,26.5
2023-12-19 22:15:42.774,101.6,101.6,101.6,26.5
2023-12-19 22:15:42.883,101.6,101.6,101.6,26.5
2023-12-19 22:15:42.993,101.6,101.6,101.6,26.5
2023-12-19 22:15:43.103,101.6,101.6,101.6,26.5
2023-12-19 22:15:43.214,101.6,101.6,101.6,26.5
2023-12-19 22:15:43.324,101.6,101.6,101.6,26.5
2023-12-19 22:15:43.434,101.6,101.6,101.6,26.6
2023-12-19 22:15:43.544,101.6,101.6,101.6,26.5
2023-12-19 22:15:43.655,101.6,101.6,101.6,26.5
2023-12-19 22:15:43.764,101.6,101.6,101.6,26.5
2023-12-19 22:15:43.875,101.6,101.6,101.6,26.5
2023-12-19 22:15:43.985,101.6,101.6,101.6,26.5
2023-12-19 22:15:44.093,101.6,101.6,101.6,26.5
2023-12-19 22:15:44.202,101.6,101.6,101.6,26.5
2023-12-19 22:15:44.312,101.6,101.6,101.6,26.5
2023-12-19 22:15:44.420,101.6,101.6,101.6,26.5
2023-12-19 22:15:44.530,101.6,101.6,101.6,26.6
2023-12-19 22:15:44.642,101.6,101.6,101.6,26.5
2023-12-19 22:15:44.752,101.6,101.6,101.6,26.5
2023-12-19 22:15:44.863,101.6,101.6,101.6,26.5
2023-12-19 22:15:44.972,101.6,101.6,101.6,26.6
2023-12-19 22:15:45.082,101.6,101.6,101.6,26.5
2023-12-19 22:15:45.192,101.6,101.6,101.6,26.6
2023-12-19 22:15:45.303,101.6,101.6,101.6,26.5
2023-12-19 22:15:45.412,101.6,101.6,101.6,26.5
2023-12-19 22:15:45.522,101.6,101.6,101.6,26.5
2023-12-19 22:15:45.632,101.6,101.6,101.6,26.5
2023-12-19 22:15:45.741,101.6,101.6,101.6,26.5
2023-12-19 22:15:45.851,101.6,101.6,101.6,26.5
2023-12-19 22:15:45.962,101.6,101.6,101.6,26.5
2023-12-19 22:15:46.072,101.6,101.6,101.6,26.5
2023-12-19 22:15:46.182,101.6,101.6,101.6,26.5
2023-12-19 22:15:46.291,101.6,101.6,101.6,26.5
2023-12-19 22:15:46.400,101.6,101.6,101.6,26.5
2023-12-19 22:15:46.508,101.6,101.6,101.6,26.5
2023-12-19 22:15:46.619,101.6,101.6,101.6,26.5
2023-12-19 22:15:46.728,101.6,101.6,101.6,26.5
2023-12-19 22:15:46.837,101.6,101.6,101.6,26.5
2023-12-19 22:15:46.944,101.6,101.6,101.6,26.5
2023-12-19 22:15:47.055,101.6,101.6,101.6,26.5
2023-12-19 22:15:47.164,101.6,101.6,101.6,26.5
2023-12-19 22:15:47.274,101.6,101.6,101.6,26.5
2023-12-19 22:15:47.383,101.6,101.6,101.6,26.5
2023-12-19 22:15:47.493,101.6,101.6,101.6,26.5
2023-12-19 22:15:47.603,101.6,101.6,101.6,26.5
2023-12-19 22:15:47.713,101.6,101.6,101.6,26.5
2023-12-19 22:15:47.824,101.6,101.6,101.6,26.5
2023-12-19 22:15:47.935,101.6,101.6,101.6,26.5
2023-12-19 22:15:48.046,101.6,101.6,101.6,26.5
2023-12-19 22:15:48.156,101.6,101.6,101.6,26.5
2023-12-19 22:15:48.263,101.6,101.6,101.6,26.5
2023-12-19 22:15:48.373,101.6,101.6,101.6,26.5
2023-12-19 22:15:48.483,101.6,101.6,101.6,26.5
2023-12-19 22:15:48.592,101.6,101.6,101.6,26.5
2023-12-19 22:15:48.702,101.6,101.6,101.6,26.5
2023-12-19 22:15:48.811,101.6,101.6,101.6,26.5
2023-12-19 22:15:48.923,101.6,101.6,101.6,26.5
2023-12-19 22:15:49.033,101.6,101.6,101.6,26.5
2023-12-19 22:15:49.143,101.6,101.6,101.6,26.5
2023-12-19 22:15:49.254,101.6,101.6,101.6,26.5
2023-12-19 22:15:49.365,101.6,101.6,101.6,26.5
2023-12-19 22:15:49.472,101.6,101.6,101.6,26.5
2023-12-19 22:15:49.584,101.6,101.6,101.6,26.5
2023-12-19 22:15:49.694,101.6,101.6,101.6,26.5
2023-12-19 22:15:49.804,101.6,101.6,101.6,26.5
2023-12-19 22:15:49.912,101.6,101.6,101.6,26.5
2023-12-19 22:15:50.022,101.6,101.6,101.6,26.5
2023-12-19 22:15:50.133,101.6,101.6,101.6,26.5
2023-12-19 22:15:50.245,101.6,101.6,101.6,26.5
2023-12-19 22:15:50.352,101.6,101.6,101.6,26.5
2023-12-19 22:15:50.462,101.6,101.6,101.6,26.5
2023-12-19 22:15:50.572,101.6,101.6,101.6,26.5
2023-12-19 22:15:50.681,101.6,101.6,101.6,26.5
2023-12-19 22:15:50.792,101.6,101.6,101.6,26.5
2023-12-19 22:15:50.903,101.6,101.6,101.6,26.5
2023-12-19 22:15:51.013,101.6,101.6,101.6,26.5
2023-12-19 22:15:51.124,101.6,101.6,101.6,26.5
2023-12-19 22:15:51.232,101.6,101.6,101.6,26.5
2023-12-19 22:15:51.343,101.6,101.6,101.6,26.5
2023-12-19 22:15:51.453,101.6,101.6,101.6,26.5
2023-12-19 22:15:51.562,101.6,101.6,101.6,26.5
2023-12-19 22:15:51.671,101.6,101.6,101.6,26.5
2023-12-19 22:15:51.781,101.6,101.6,101.6,26.5
2023-12-19 22:15:51.892,101.6,101.6,101.6,26.5
2023-12-19 22:15:52.004,101.6,101.6,101.6,26.5
2023-12-19 22:15:52.113,101.6,101.6,101.6,26.5
2023-12-19 22:15:52.222,101.6,101.6,101.6,26.5
2023-12-19 22:15:52.332,101.6,101.6,101.6,26.5
2023-12-19 22:15:52.441,101.6,101.6,101.6,26.5
2023-12-19 22:15:52.551,101.6,101.6,101.6,26.5
2023-12-19 22:15:52.661,101.6,101.6,101.6,26.5
2023-12-19 22:15:52.771,101.6,101.6,101.6,26.5
2023-12-19 22:15:52.882,101.6,101.6,101.6,26.5
2023-12-19 22:15:52.990,101.6,101.6,101.6,26.5
2023-12-19 22:15:53.099,101.6,101.6,101.6,26.5
2023-12-19 22:15:53.207,101.6,101.6,101.6,26.5
2023-12-19 22:15:53.318,101.6,101.6,101.6,26.5
2023-12-19 22:15:53.426,101.6,101.6,101.6,26.5
2023-12-19 22:15:53.537,101.6,101.6,101.6,26.5
2023-12-19 22:15:53.648,101.6,101.6,101.6,26.5
2023-12-19 22:15:53.759,101.6,101.6,101.6,26.5
2023-12-19 22:15:53.869,101.6,101.6,101.6,26.5
2023-12-19 22:15:53.979,101.6,101.6,101.6,26.5
2023-12-19 22:15:54.089,101.6,101.6,101.6,26.5
2023-12-19 22:15:54.200,101.6,101.6,101.6,26.5
2023-12-19 22:15:54.308,101.6,101.6,101.6,26.5
2023-12-19 22:15:54.418,101.6,101.6,101.6,26.5
2023-12-19 22:15:54.529,101.6,101.6,101.6,26.6
2023-12-19 22:15:54.639,101.6,101.6,101.6,26.5
2023-12-19 22:15:54.748,101.6,101.6,101.6,26.5
2023-12-19 22:15:54.859,101.6,101.6,101.6,26.6
2023-12-19 22:15:54.969,101.6,101.6,101.6,26.5
2023-12-19 22:15:55.080,101.6,101.6,101.6,26.5
2023-12-19 22:15:55.188,101.6,101.6,101.6,26.5
2023-12-19 22:15:55.298,101.6,101.6,101.6,26.5
2023-12-19 22:15:55.410,101.6,101.6,101.6,26.5
2023-12-19 22:15:55.521,101.6,101.6,101.6,26.5
2023-12-19 22:15:55.629,101.6,101.6,101.6,26.5
2023-12-19 22:15:55.740,101.6,101.6,101.6,26.5
2023-12-19 22:15:55.852,101.6,101.6,101.6,26.5
2023-12-19 22:15:55.963,101.6,101.6,101.6,26.5
2023-12-19 22:15:56.073,101.6,101.6,101.6,26.5
2023-12-19 22:15:56.183,101.6,101.6,101.6,26.5
2023-12-19 22:15:56.294,101.6,101.6,101.6,26.5
2023-12-19 22:15:56.403,101.6,101.6,101.6,26.6
2023-12-19 22:15:56.514,101.6,101.6,101.6,26.5
2023-12-19 22:15:56.626,101.6,101.6,101.6,26.5
2023-12-19 22:15:56.735,101.6,101.6,101.6,26.5
2023-12-19 22:15:56.843,101.6,101.6,101.6,26.5
2023-12-19 22:15:56.952,101.6,101.6,101.6,26.5
2023-12-19 22:15:57.062,101.6,101.6,101.6,26.5
2023-12-19 22:15:57.172,101.6,101.6,101.6,26.5
2023-12-19 22:15:57.282,101.6,101.6,101.6,26.5
2023-12-19 22:15:57.393,101.6,101.6,101.6,26.5
2023-12-19 22:15:57.503,101.6,101.6,101.6,26.5
2023-12-19 22:15:57.614,101.6,101.6,101.6,26.5
2023-12-19 22:15:57.725,101.6,101.6,101.6,26.5
2023-12-19 22:15:57.832,101.6,101.6,101.6,26.5
2023-12-19 22:15:57.943,101.6,101.6,101.6,26.5
2023-12-19 22:15:58.053,101.6,101.6,101.6,26.5
2023-12-19 22:15:58.163,101.6,101.6,101.6,26.5
2023-12-19 22:15:58.273,101.6,101.6,101.6,26.5
2023-12-19 22:15:58.383,101.6,101.6,101.6,26.5
2023-12-19 22:15:58.492,101.6,101.6,101.6,26.6
2023-12-19 22:15:58.602,101.6,101.6,101.6,26.5
2023-12-19 22:15:58.712,101.6,101.6,101.6,26.5
2023-12-19 22:15:58.823,101.6,101.6,101.6,26.5
2023-12-19 22:15:58.933,101.6,101.6,101.6,26.5
2023-12-19 22:15:59.043,101.6,101.6,101.6,26.5
2023-12-19 22:15:59.153,101.6,101.6,101.6,26.5
2023-12-19 22:15:59.268,101.6,101.6,101.6,26.6
2023-12-19 22:15:59.375,101.6,101.6,101.6,26.5
2023-12-19 22:15:59.484,101.6,101.6,101.6,26.5
2023-12-19 22:15:59.597,101.6,101.6,101.6,26.5
2023-12-19 22:15:59.706,101.6,101.6,101.6,26.6
2023-12-19 22:15:59.816,101.6,101.6,101.6,26.5
2023-12-19 22:15:59.926,101.6,101.6,101.6,26.5
2023-12-19 22:16:00.036,101.6,101.6,101.6,26.5
2023-12-19 22:16:00.146,101.6,101.6,101.6,26.5
2023-12-19 22:16:00.256,101.6,101.6,101.6,26.5
2023-12-19 22:16:00.367,101.6,101.6,101.6,26.5
2023-12-19 22:16:00.477,101.6,101.6,101.6,26.5
2023-12-19 22:16:00.585,101.6,101.6,101.6,26.5
2023-12-19 22:16:00.695,101.6,101.6,101.6,26.5
2023-12-19 22:16:00.804,101.6,101.6,101.6,26.5
2023-12-19 22:16:00.916,101.6,101.6,101.6,26.5
2023-12-19 22:16:01.025,101.6,101.6,101.6,26.5
2023-12-19 22:16:01.136,101.6,101.6,101.6,26.5
2023-12-19 22:16:01.247,101.6,101.6,101.6,26.5
2023-12-19 22:16:01.357,101.6,101.6,101.6,26.6
2023-12-19 22:16:01.466,101.6,101.6,101.6,26.5
2023-12-19 22:16:01.576,101.6,101.6,101.6,26.5
2023-12-19 22:16:01.686,101.6,101.6,101.6,26.5
2023-12-19 22:16:01.796,101.6,101.6,101.6,26.5
2023-12-19 22:16:01.909,101.6,101.6,101.6,26.5
2023-12-19 22:16:02.019,101.6,101.6,101.6,26.5
2023-12-19 22:16:02.129,101.6,101.6,101.6,26.5
2023-12-19 22:16:02.238,101.6,101.6,101.6,26.5
2023-12-19 22:16:02.351,101.6,101.6,101.6,26.5
2023-12-19 22:16:02.458,101.6,101.6,101.6,26.5
2023-12-19 22:16:02.568,101.6,101.6,101.6,26.5
2023-12-19 22:16:02.678,101.6,101.6,101.6,26.5
2023-12-19 22:16:02.786,101.6,101.6,101.6,26.5
2023-12-19 22:16:02.899,101.6,101.6,101.6,26.5
2023-12-19 22:16:03.008,101.6,101.6,101.6,26.5
2023-12-19 22:16:03.119,101.6,101.6,101.6,26.5
2023-12-19 22:16:03.227,101.6,101.6,101.6,26.5
2023-12-19 22:16:03.336,101.6,101.6,101.6,26.5
2023-12-19 22:16:03.445,101.6,101.6,101.6,26.5
2023-12-19 22:16:03.555,101.6,101.6,101.6,26.5
2023-12-19 22:16:03.665,101.6,101.6,101.6,26.5
2023-12-19 22:16:03.773,101.6,101.6,101.6,26.5
2023-12-19 22:16:03.885,101.6,101.6,101.6,26.5
2023-12-19 22:16:03.995,101.6,101.6,101.6,26.5
2023-12-19 22:16:04.102,101.6,101.6,101.6,26.5
2023-12-19 22:16:04.211,101.6,101.6,101.6,26.5
2023-12-19 22:16:04.324,101.6,101.6,101.6,26.5
2023-12-19 22:16:04.433,101.6,101.6,101.6,26.5
2023-12-19 22:16:04.543,101.6,101.6,101.6,26.5
2023-12-19 22:16:04.652,101.6,101.6,101.6,26.5
2023-12-19 22:16:04.760,101.6,101.6,101.6,26.5
2023-12-19 22:16:04.873,101.6,101.6,101.6,26.5
2023-12-19 22:16:04.982,101.6,101.6,101.6,26.5
2023-12-19 22:16:05.092,101.6,101.6,101.6,26.5
2023-12-19 22:16:05.201,101.6,101.6,101.6,26.5
2023-12-19 22:16:05.311,101.6,101.6,101.6,26.5
2023-12-19 22:16:05.422,101.6,101.6,101.6,26.5
2023-12-19 22:16:05.531,101.6,101.6,101.6,26.5
2023-12-19 22:16:05.641,101.6,101.6,101.6,26.5
2023-12-19 22:16:05.751,101.6,101.6,101.6,26.5
2023-12-19 22:16:05.861,101.6,101.6,101.6,26.5
2023-12-19 22:16:05.971,101.6,101.6,101.6,26.6
2023-12-19 22:16:06.079,101.6,101.6,101.6,26.5
2023-12-19 22:16:06.190,101.6,101.6,101.6,26.5
2023-12-19 22:16:06.302,101.6,101.6,101.6,26.5
2023-12-19 22:16:06.409,101.6,101.6,101.6,26.6
2023-12-19 22:16:06.519,101.6,101.6,101.6,26.5
2023-12-19 22:16:06.630,101.6,101.6,101.6,26.6
2023-12-19 22:16:06.739,101.6,101.6,101.6,26.5
2023-12-19 22:16:06.850,101.6,101.6,101.6,26.5
2023-12-19 22:16:06.960,101.6,101.6,101.6,26.5
2023-12-19 22:16:07.072,101.6,101.6,101.6,26.5
2023-12-19 22:16:07.178,101.6,101.6,101.6,26.5
2023-12-19 22:16:07.289,101.6,101.6,101.6,26.5
2023-12-19 22:16:07.398,101.6,101.6,101.6,26.5
2023-12-19 22:16:07.509,101.6,101.6,101.6,26.5
2023-12-19 22:16:07.616,101.6,101.6,101.6,26.5
2023-12-19 22:16:07.726,101.6,101.6,101.6,26.5
2023-12-19 22:16:07.837,101.6,101.6,101.6,26.5
2023-12-19 22:16:07.948,101.6,101.6,101.6,26.5
2023-12-19 22:16:08.057,101.6,101.6,101.6,26.5
2023-12-19 22:16:08.168,101.6,101.6,101.6,26.5
2023-12-19 22:16:08.280,101.6,101.6,101.6,26.5
2023-12-19 22:16:08.392,101.6,101.6,101.6,26.5
2023-12-19 22:16:08.502,101.6,101.6,101.6,26.6
2023-12-19 22:16:08.611,101.6,101.6,101.6,26.5
2023-12-19 22:16:08.719,101.6,101.6,101.6,26.5
2023-12-19 22:16:08.825,101.6,101.6,101.6,26.5
2023-12-19 22:16:08.937,101.6,101.6,101.6,26.5
2023-12-19 22:16:09.048,101.6,101.6,101.6,26.6
2023-12-19 22:16:09.157,101.6,101.6,101.6,26.5
2023-12-19 22:16:09.268,101.6,101.6,101.6,26.5
2023-12-19 22:16:09.380,101.6,101.6,101.6,26.5
2023-12-19 22:16:09.486,101.6,101.6,101.6,26.5
2023-12-19 22:16:09.598,101.6,101.6,101.6,26.5
2023-12-19 22:16:09.707,101.6,101.6,101.6,26.6
2023-12-19 22:16:09.813,101.6,101.6,101.6,26.5
2023-12-19 22:16:09.925,101.6,101.6,101.6,26.5
2023-12-19 22:16:10.036,101.6,101.6,101.6,26.5
2023-12-19 22:16:10.146,101.6,101.6,101.6,26.5
2023-12-19 22:16:10.256,101.6,101.6,101.6,26.5
2023-12-19 22:16:10.368,101.6,101.6,101.6,26.5
2023-12-19 22:16:10.477,101.6,101.6,101.6,26.6
2023-12-19 22:16:10.587,101.6,101.6,101.6,26.6
2023-12-19 22:16:10.696,101.6,101.6,101.6,26.5
2023-12-19 22:16:10.804,101.6,101.6,101.6,26.5
2023-12-19 22:16:10.913,101.6,101.6,101.6,26.5
2023-12-19 22:16:11.023,101.6,101.6,101.6,26.5
2023-12-19 22:16:11.133,101.6,101.6,101.6,26.5
2023-12-19 22:16:11.243,101.6,101.6,101.6,26.5
2023-12-19 22:16:11.351,101.6,101.6,101.6,26.6
2023-12-19 22:16:11.459,101.6,101.6,101.6,26.5
2023-12-19 22:16:11.568,101.6,101.6,101.6,26.6
2023-12-19 22:16:11.677,101.6,101.6,101.6,26.5
2023-12-19 22:16:11.787,101.6,101.6,101.6,26.5
2023-12-19 22:16:11.897,101.6,101.6,101.6,26.5
2023-12-19 22:16:12.007,101.6,101.6,101.6,26.5
2023-12-19 22:16:12.117,101.6,101.6,101.6,26.5
2023-12-19 22:16:12.226,101.6,101.6,101.6,26.5
2023-12-19 22:16:12.337,101.6,101.6,101.6,26.5
2023-12-19 22:16:12.445,101.6,101.6,101.6,26.5
2023-12-19 22:16:12.556,101.6,101.6,101.6,26.5
2023-12-19 22:16:12.667,101.6,101.6,101.6,26.5
2023-12-19 22:16:12.777,101.6,101.6,101.6,26.5
2023-12-19 22:16:12.888,101.6,101.6,101.6,26.5
2023-12-19 22:16:12.997,101.6,101.6,101.6,26.5
2023-12-19 22:16:13.107,101.6,101.6,101.6,26.5
2023-12-19 22:16:13.218,101.6,101.6,101.6,26.5
2023-12-19 22:16:13.324,101.6,101.6,101.6,26.5
2023-12-19 22:16:13.435,101.6,101.6,101.6,26.5
2023-12-19 22:16:13.544,101.6,101.6,101.6,26.5
2023-12-19 22:16:13.653,101.6,101.6,101.6,26.5
2023-12-19 22:16:13.764,101.6,101.6,101.6,26.5
2023-12-19 22:16:13.875,101.6,101.6,101.6,26.5
2023-12-19 22:16:13.984,101.6,101.6,101.6,26.5
2023-12-19 22:16:14.094,101.6,101.6,101.6,26.5
2023-12-19 22:16:14.205,101.6,101.6,101.6,26.5
2023-12-19 22:16:14.315,101.6,101.6,101.6,26.5
2023-12-19 22:16:14.426,101.6,101.6,101.6,26.5
2023-12-19 22:16:14.538,101.6,101.6,101.6,26.5
2023-12-19 22:16:14.648,101.6,101.6,101.6,26.5
2023-12-19 22:16:14.758,101.6,101.6,101.6,26.5
2023-12-19 22:16:14.868,101.6,101.6,101.6,26.5
2023-12-19 22:16:14.978,101.6,101.6,101.6,26.5
2023-12-19 22:16:15.089,101.6,101.6,101.6,26.5
2023-12-19 22:16:15.199,101.6,101.6,101.6,26.5
2023-12-19 22:16:15.309,101.6,101.6,101.6,26.5
2023-12-19 22:16:15.419,101.6,101.6,101.6,26.5
2023-12-19 22:16:15.531,101.6,101.6,101.6,26.5
2023-12-19 22:16:15.642,101.6,101.6,101.6,26.5
2023-12-19 22:16:15.751,101.6,101.6,101.6,26.5
2023-12-19 22:16:15.859,101.6,101.6,101.6,26.5
2023-12-19 22:16:15.971,101.6,101.6,101.6,26.5
2023-12-19 22:16:16.082,101.6,101.6,101.6,26.5
2023-12-19 22:16:16.192,101.6,101.6,101.6,26.5
2023-12-19 22:16:16.302,101.6,101.6,101.6,26.5
2023-12-19 22:16:16.412,101.6,101.6,101.6,26.5
2023-12-19 22:16:16.521,101.6,101.6,101.6,26.5
2023-12-19 22:16:16.630,101.6,101.6,101.6,26.5
2023-12-19 22:16:16.741,101.6,101.6,101.6,26.5
2023-12-19 22:16:16.851,101.6,101.6,101.6,26.5
2023-12-19 22:16:16.962,101.6,101.6,101.6,26.5
2023-12-19 22:16:17.072,101.6,101.6,101.6,26.5
2023-12-19 22:16:17.182,101.6,101.6,101.6,26.5
2023-12-19 22:16:17.291,101.6,101.6,101.6,26.5
2023-12-19 22:16:17.399,101.6,101.6,101.6,26.5
2023-12-19 22:16:17.512,101.6,101.6,101.6,26.5
2023-12-19 22:16:17.621,101.6,101.6,101.6,26.5
2023-12-19 22:16:17.731,101.6,101.6,101.6,26.5
2023-12-19 22:16:17.840,101.6,101.6,101.6,26.5
2023-12-19 22:16:17.951,101.6,101.6,101.6,26.5
2023-12-19 22:16:18.063,101.6,101.6,101.6,26.5
2023-12-19 22:16:18.172,101.6,101.6,101.6,26.5
2023-12-19 22:16:18.281,101.6,101.6,101.6,26.5
2023-12-19 22:16:18.392,101.6,101.6,101.6,26.5
2023-12-19 22:16:18.502,101.6,101.6,101.6,26.6
2023-12-19 22:16:18.613,101.6,101.6,101.6,26.5
2023-12-19 22:16:18.721,101.6,101.6,101.6,26.5
2023-12-19 22:16:18.833,101.6,101.6,101.6,26.5
2023-12-19 22:16:18.946,101.6,101.6,101.6,26.5
2023-12-19 22:16:19.054,101.6,101.6,101.6,26.5
2023-12-19 22:16:19.164,101.6,101.6,101.6,26.5
2023-12-19 22:16:19.275,101.6,101.6,101.6,26.5
2023-12-19 22:16:19.386,101.6,101.6,101.6,26.5
2023-12-19 22:16:19.496,101.6,101.6,101.6,26.5
2023-12-19 22:16:19.604,101.6,101.6,101.6,26.5
2023-12-19 22:16:19.715,101.6,101.6,101.6,26.5
2023-12-19 22:16:19.825,101.6,101.6,101.6,26.5
2023-12-19 22:16:19.937,101.6,101.6,101.6,26.5
2023-12-19 22:16:20.045,101.6,101.6,101.6,26.5
2023-12-19 22:16:20.155,101.6,101.6,101.6,26.5
2023-12-19 22:16:20.265,101.6,101.6,101.6,26.5
2023-12-19 22:16:20.374,101.6,101.6,101.6,26.5
2023-12-19 22:16:20.485,101.6,101.6,101.6,26.5
2023-12-19 22:16:20.593,101.6,101.6,101.6,26.5
2023-12-19 22:16:20.705,101.6,101.6,101.6,26.5
2023-12-19 22:16:20.814,101.6,101.6,101.6,26.5
2023-12-19 22:16:20.923,101.6,101.6,101.6,26.5
2023-12-19 22:16:21.035,101.6,101.6,101.6,26.5
2023-12-19 22:16:21.146,101.6,101.6,101.6,26.5
2023-12-19 22:16:21.259,101.6,101.6,101.6,26.5
2023-12-19 22:16:21.368,101.6,101.6,101.6,26.5
2023-12-19 22:16:21.478,101.6,101.6,101.6,26.5
2023-12-19 22:16:21.588,101.6,101.6,101.6,26.5
2023-12-19 22:16:21.697,101.6,101.6,101.6,26.5
2023-12-19 22:16:21.808,101.6,101.6,101.6,26.5
2023-12-19 22:16:21.919,101.6,101.6,101.6,26.5
2023-12-19 22:16:22.027,101.6,101.6,101.6,26.5
2023-12-19 22:16:22.138,101.6,101.6,101.6,26.5
2023-12-19 22:16:22.248,101.6,101.6,101.6,26.5
2023-12-19 22:16:22.359,101.6,101.6,101.6,26.5
2023-12-19 22:16:22.470,101.6,101.6,101.6,26.5
2023-12-19 22:16:22.580,101.6,101.6,101.6,26.5
2023-12-19 22:16:22.691,101.6,101.6,101.6,26.5
2023-12-19 22:16:22.802,101.6,101.6,101.6,26.5
2023-12-19 22:16:22.911,101.6,101.6,101.6,26.5
2023-12-19 22:16:23.020,101.6,101.6,101.6,26.5
2023-12-19 22:16:23.129,101.6,101.6,101.6,26.5
2023-12-19 22:16:23.239,101.6,101.6,101.6,26.5
2023-12-19 22:16:23.349,101.6,101.6,101.6,26.5
2023-12-19 22:16:23.459,101.6,101.6,101.6,26.5
2023-12-19 22:16:23.570,101.6,101.6,101.6,26.5
2023-12-19 22:16:23.679,101.6,101.6,101.6,26.5
2023-12-19 22:16:23.789,101.6,101.6,101.6,26.5
2023-12-19 22:16:23.898,101.6,101.6,101.6,26.5
2023-12-19 22:16:24.009,101.6,101.6,101.6,26.5
2023-12-19 22:16:24.118,101.6,101.6,101.6,26.5
2023-12-19 22:16:24.229,101.6,101.6,101.6,26.5
2023-12-19 22:16:24.338,101.6,101.6,101.6,26.5
2023-12-19 22:16:24.449,101.6,101.6,101.6,26.5
2023-12-19 22:16:24.558,101.6,101.6,101.6,26.5
2023-12-19 22:16:24.668,101.6,101.6,101.6,26.5
2023-12-19 22:16:24.784,101.6,101.6,101.6,26.5
2023-12-19 22:16:24.891,101.6,101.6,101.6,26.5
2023-12-19 22:16:25.001,101.6,101.6,101.6,26.5
2023-12-19 22:16:25.112,101.6,101.6,101.6,26.5
2023-12-19 22:16:25.223,101.6,101.6,101.6,26.5
2023-12-19 22:16:25.334,101.6,101.6,101.6,26.6
2023-12-19 22:16:25.441,101.6,101.6,101.6,26.5
2023-12-19 22:16:25.550,101.6,101.6,101.6,26.5
2023-12-19 22:16:25.661,101.6,101.6,101.6,26.5
2023-12-19 22:16:25.770,101.6,101.6,101.6,26.5
2023-12-19 22:16:25.881,101.6,101.6,101.6,26.5
2023-12-19 22:16:25.992,101.6,101.6,101.6,26.5
